INSERT INTO PUBLIC.JOB_CONFIG (ID, JOB_LABEL, PREVIEW_URL, JOB_PARAMS, JOB_TYPE, PARSER_ID, PARSER_CLASS, SORT_RESULT_INDEX, REMARK, DEL_FLAG) VALUES (0, '亚马逊-本月特价', 'https://www.amazon.cn/s?rh=n%3A1852542071&sort=price-asc-rank', '["https://www.amazon.cn/s?rh=n%3A1852542071&sort=price-asc-rank"]', 'urlListJob', 0, NULL, NULL, '', 0);
INSERT INTO PUBLIC.JOB_CONFIG (ID, JOB_LABEL, PREVIEW_URL, JOB_PARAMS, JOB_TYPE, PARSER_ID, PARSER_CLASS, SORT_RESULT_INDEX, REMARK, DEL_FLAG) VALUES (2, '亚马逊-本周特价', 'https://www.amazon.cn/s/ref=sr_pg_2?rh=n%3A1852543071&sort=price-asc-rank&ie=UTF8', '["https://www.amazon.cn/s/ref=sr_pg_2?rh=n%3A1852543071&sort=price-asc-rank&ie=UTF8"]', 'urlListJob', 0, NULL, NULL, '', 0);
INSERT INTO PUBLIC.JOB_CONFIG (ID, JOB_LABEL, PREVIEW_URL, JOB_PARAMS, JOB_TYPE, PARSER_ID, PARSER_CLASS, SORT_RESULT_INDEX, REMARK, DEL_FLAG) VALUES (8, '亚马逊-今日特价', 'https://www.amazon.cn/b/ref=s9_acss_bw_cg_NEWKXD_2a1_w?ie=UTF8&node=1875254071', '["https://www.amazon.cn/b/ref=s9_acss_bw_cg_NEWKXD_2a1_w?ie=UTF8&node=1875254071"]', 'urlListJob', 10, NULL, NULL, '', 0);
INSERT INTO PUBLIC.JOB_CONFIG (ID, JOB_LABEL, PREVIEW_URL, JOB_PARAMS, JOB_TYPE, PARSER_ID, PARSER_CLASS, SORT_RESULT_INDEX, REMARK, DEL_FLAG) VALUES (9, '亚马逊-新品榜单', 'https://www.amazon.cn/gp/new-releases/digital-text/116169071/', '[
    "https://www.amazon.cn/gp/new-releases/digital-text/116169071/ref=zg_bsnr_116169071_pg_1?ie=UTF8&pg=1&ajax=1",
    "https://www.amazon.cn/gp/new-releases/digital-text/116169071/ref=zg_bsnr_116169071_pg_1?ie=UTF8&pg=1&ajax=1&isAboveTheFold=0",
    "https://www.amazon.cn/gp/new-releases/digital-text/116169071/ref=zg_bsnr_116169071_pg_2?ie=UTF8&pg=2&ajax=1",
    "https://www.amazon.cn/gp/new-releases/digital-text/116169071/ref=zg_bsnr_116169071_pg_2?ie=UTF8&pg=2&ajax=1&isAboveTheFold=0",
    "https://www.amazon.cn/gp/new-releases/digital-text/116169071/ref=zg_bsnr_116169071_pg_3?ie=UTF8&pg=3&ajax=1",
    "https://www.amazon.cn/gp/new-releases/digital-text/116169071/ref=zg_bsnr_116169071_pg_3?ie=UTF8&pg=3&ajax=1&isAboveTheFold=0",
    "https://www.amazon.cn/gp/new-releases/digital-text/116169071/ref=zg_bsnr_116169071_pg_4?ie=UTF8&pg=4&ajax=1",
    "https://www.amazon.cn/gp/new-releases/digital-text/116169071/ref=zg_bsnr_116169071_pg_4?ie=UTF8&pg=4&ajax=1&isAboveTheFold=0",
    "https://www.amazon.cn/gp/new-releases/digital-text/116169071/ref=zg_bsnr_116169071_pg_5?ie=UTF8&pg=5&ajax=1",
    "https://www.amazon.cn/gp/new-releases/digital-text/116169071/ref=zg_bsnr_116169071_pg_5?ie=UTF8&pg=5&ajax=1&isAboveTheFold=0"
]', 'urlListJob', 11, NULL, 0, '', 0);
INSERT INTO PUBLIC.JOB_CONFIG (ID, JOB_LABEL, PREVIEW_URL, JOB_PARAMS, JOB_TYPE, PARSER_ID, PARSER_CLASS, SORT_RESULT_INDEX, REMARK, DEL_FLAG) VALUES (10, '亚马逊-销售总榜', 'https://www.amazon.cn/gp/bestsellers/digital-text/116169071/', '[
    "https://www.amazon.cn/gp/bestsellers/digital-text/116169071/ref=zg_bs_116169071_pg_1?ie=UTF8&pg=1&ajax=1",
    "https://www.amazon.cn/gp/bestsellers/digital-text/116169071/ref=zg_bs_116169071_pg_1?ie=UTF8&pg=1&ajax=1&isAboveTheFold=0",
    "https://www.amazon.cn/gp/bestsellers/digital-text/116169071/ref=zg_bs_116169071_pg_2?ie=UTF8&pg=2&ajax=1",
    "https://www.amazon.cn/gp/bestsellers/digital-text/116169071/ref=zg_bs_116169071_pg_2?ie=UTF8&pg=2&ajax=1&isAboveTheFold=0",
    "https://www.amazon.cn/gp/bestsellers/digital-text/116169071/ref=zg_bs_116169071_pg_3?ie=UTF8&pg=3&ajax=1",
    "https://www.amazon.cn/gp/bestsellers/digital-text/116169071/ref=zg_bs_116169071_pg_3?ie=UTF8&pg=3&ajax=1&isAboveTheFold=0",
    "https://www.amazon.cn/gp/bestsellers/digital-text/116169071/ref=zg_bs_116169071_pg_4?ie=UTF8&pg=4&ajax=1",
    "https://www.amazon.cn/gp/bestsellers/digital-text/116169071/ref=zg_bs_116169071_pg_4?ie=UTF8&pg=4&ajax=1&isAboveTheFold=0",
    "https://www.amazon.cn/gp/bestsellers/digital-text/116169071/ref=zg_bs_116169071_pg_5?ie=UTF8&pg=5&ajax=1",
    "https://www.amazon.cn/gp/bestsellers/digital-text/116169071/ref=zg_bs_116169071_pg_5?ie=UTF8&pg=5&ajax=1&isAboveTheFold=0"
]', 'urlListJob', 12, NULL, 0, '', 0);
INSERT INTO PUBLIC.JOB_CONFIG (ID, JOB_LABEL, PREVIEW_URL, JOB_PARAMS, JOB_TYPE, PARSER_ID, PARSER_CLASS, SORT_RESULT_INDEX, REMARK, DEL_FLAG) VALUES (11, 'QQ阅读-云起书院所有书', 'http://yunqi.qq.com/bk/so2/n30', '["http://yunqi.qq.com/bk/so2/n30p%d","6001"]', 'pageJob', 13, NULL, NULL, '', 0);
INSERT INTO PUBLIC.JOB_CONFIG (ID, JOB_LABEL, PREVIEW_URL, JOB_PARAMS, JOB_TYPE, PARSER_ID, PARSER_CLASS, SORT_RESULT_INDEX, REMARK, DEL_FLAG) VALUES (12, 'QQ阅读-创世中文所有书', 'http://chuangshi.qq.com/bk/p/1.html', '["http://chuangshi.qq.com/bk/p/%d.html","1367"]', 'pageJob', 14, NULL, NULL, '', 0);
INSERT INTO PUBLIC.JOB_CONFIG (ID, JOB_LABEL, PREVIEW_URL, JOB_PARAMS, JOB_TYPE, PARSER_ID, PARSER_CLASS, SORT_RESULT_INDEX, REMARK, DEL_FLAG) VALUES (13, 'QQ阅读-QQ读书所有书', 'http://dushu.qq.com/store/index/sortkey/2/ps/50', '["http://dushu.qq.com/store/index/sortkey/2/ps/50/p/%d","2059"]', 'pageJob', 15, NULL, NULL, '', 0);
INSERT INTO PUBLIC.JOB_CONFIG (ID, JOB_LABEL, PREVIEW_URL, JOB_PARAMS, JOB_TYPE, PARSER_ID, PARSER_CLASS, SORT_RESULT_INDEX, REMARK, DEL_FLAG) VALUES (14, '亚马逊-Kindle电子书 : 30天以内上架', 'https://www.amazon.cn/s/ref=lp_116169071_nr_p_n_date_0?fst=as%3Aoff&rh=n%3A116087071%2Cn%3A%21116088071%2Cn%3A116169071%2Cp_n_date%3A123705071&bbn=116169071&ie=UTF8&qid=1492495700&rnid=123704071', '["https://www.amazon.cn/s/ref=lp_116169071_nr_p_n_date_0?fst=as%3Aoff&rh=n%3A116087071%2Cn%3A%21116088071%2Cn%3A116169071%2Cp_n_date%3A123705071&bbn=116169071&ie=UTF8&qid=1492495700&rnid=123704071"]', 'urlListJob', 0, NULL, NULL, '', 0);
INSERT INTO PUBLIC.JOB_CONFIG (ID, JOB_LABEL, PREVIEW_URL, JOB_PARAMS, JOB_TYPE, PARSER_ID, PARSER_CLASS, SORT_RESULT_INDEX, REMARK, DEL_FLAG) VALUES (15, '亚马逊-Kindle电子书 : 90天以内上架', 'https://www.amazon.cn/s/ref=lp_116169071_nr_p_n_date_1?fst=as%3Aoff&rh=n%3A116087071%2Cn%3A%21116088071%2Cn%3A116169071%2Cp_n_date%3A123706071&bbn=116169071&ie=UTF8&qid=1492495700&rnid=123704071', '["https://www.amazon.cn/s/ref=lp_116169071_nr_p_n_date_1?fst=as%3Aoff&rh=n%3A116087071%2Cn%3A%21116088071%2Cn%3A116169071%2Cp_n_date%3A123706071&bbn=116169071&ie=UTF8&qid=1492495700&rnid=123704071"]', 'urlListJob', 0, NULL, NULL, '', 0);
INSERT INTO PUBLIC.JOB_CONFIG (ID, JOB_LABEL, PREVIEW_URL, JOB_PARAMS, JOB_TYPE, PARSER_ID, PARSER_CLASS, SORT_RESULT_INDEX, REMARK, DEL_FLAG) VALUES (16, '亚马逊-即将发售', 'https://www.amazon.cn/s/ref=lp_116169071_nr_p_n_date_2?fst=as%3Aoff&rh=n%3A116087071%2Cn%3A%21116088071%2Cn%3A116169071%2Cp_n_date%3A123707071&bbn=116169071&ie=UTF8&qid=1492495700&rnid=123704071', '["https://www.amazon.cn/s/ref=lp_116169071_nr_p_n_date_2?fst=as%3Aoff&rh=n%3A116087071%2Cn%3A%21116088071%2Cn%3A116169071%2Cp_n_date%3A123707071&bbn=116169071&ie=UTF8&qid=1492495700&rnid=123704071"]', 'urlListJob', 0, NULL, NULL, '', 0);
INSERT INTO PUBLIC.PARSER_CONFIG (ID, NAME, TYPE, LIST_ITEM_SELECTOR, PREVIEW_URL, USER_AGENT, REFERER, TIMEOUT, REMARK, DEL_FLAG) VALUES (0, '亚马逊搜索页', 1, 'li.s-result-item.celwidget', 'https://www.amazon.cn/s?rh=n%3A1852542071&sort=price-asc-rank', 'Mozilla/5.0 (Macintosh; Intel Mac OS X 10_12_4) AppleWebKit/537.36 (KHTML, like Gecko) Chrome/58.0.3029.81 Safari/537.36', '', 2, '', 0);
INSERT INTO PUBLIC.PARSER_CONFIG (ID, NAME, TYPE, LIST_ITEM_SELECTOR, PREVIEW_URL, USER_AGENT, REFERER, TIMEOUT, REMARK, DEL_FLAG) VALUES (2, '亚马逊电子书单品页', 1, '', 'https://www.amazon.cn/%E8%AF%BE%E6%9C%AC%E6%B2%A1%E6%9C%89%E5%91%8A%E8%AF%89%E4%BD%A0%E7%9A%84%E6%9C%89%E8%B6%A3%E7%A7%91%E5%AD%A6%E6%95%85%E4%BA%8B-%E6%B8%B8%E8%AF%86%E7%8C%B7/dp/B06Y1ZFBFV/ref=sr_1_2/459-0298968-6132542?s=digital-text&ie=UTF8&qid=1494412119&sr=1-2', 'Mozilla/5.0 (Macintosh; Intel Mac OS X 10_12_4) AppleWebKit/537.36 (KHTML, like Gecko) Chrome/58.0.3029.81 Safari/537.36', 'https://www.amazon.cn/s?rh=n%3A1852542071&sort=price-asc-rank', 2, '', 0);
INSERT INTO PUBLIC.PARSER_CONFIG (ID, NAME, TYPE, LIST_ITEM_SELECTOR, PREVIEW_URL, USER_AGENT, REFERER, TIMEOUT, REMARK, DEL_FLAG) VALUES (3, '亚马逊纸书单品页-平装-ASIN/定价', 1, '', 'https://www.amazon.cn/三体-刘慈欣/dp/B00OB3SNMY/', 'Mozilla/5.0 (Macintosh; Intel Mac OS X 10_12_4) AppleWebKit/537.36 (KHTML, like Gecko) Chrome/58.0.3029.81 Safari/537.36', 'https://www.amazon.cn/s?rh=n%3A1852542071&sort=price-asc-rank', 2, '', 0);
INSERT INTO PUBLIC.PARSER_CONFIG (ID, NAME, TYPE, LIST_ITEM_SELECTOR, PREVIEW_URL, USER_AGENT, REFERER, TIMEOUT, REMARK, DEL_FLAG) VALUES (6, '亚马逊纸书单品页-精装-ASIN/定价', 1, '', 'https://www.amazon.cn/%E8%A7%A3%E5%BF%A7%E6%9D%82%E8%B4%A7%E5%BA%97-%E4%B8%9C%E9%87%8E%E5%9C%AD%E5%90%BE/dp/B00JZ96ZI8/', 'Mozilla/5.0 (Macintosh; Intel Mac OS X 10_12_4) AppleWebKit/537.36 (KHTML, like Gecko) Chrome/58.0.3029.81 Safari/537.36', 'https://www.amazon.cn/s?rh=n%3A1852542071&sort=price-asc-rank', 2, '', 0);
INSERT INTO PUBLIC.PARSER_CONFIG (ID, NAME, TYPE, LIST_ITEM_SELECTOR, PREVIEW_URL, USER_AGENT, REFERER, TIMEOUT, REMARK, DEL_FLAG) VALUES (7, '亚马逊纸书单品页-出版出/品牌/ISBN', 1, '', 'https://www.amazon.cn/%E6%97%B6%E9%97%B4%E7%AE%A1%E7%90%86-%E5%A6%82%E4%BD%95%E5%85%85%E5%88%86%E5%88%A9%E7%94%A8%E4%BD%A0%E7%9A%8424%E5%B0%8F%E6%97%B6-%E5%90%89%E5%A7%86-%E5%85%B0%E5%BE%B7%E5%B0%94/dp/B006DUI49U/ref=tmm_pap_swatch_0?_encoding=UTF8&qid=&sr=', 'Mozilla/5.0 (Macintosh; Intel Mac OS X 10_12_4) AppleWebKit/537.36 (KHTML, like Gecko) Chrome/58.0.3029.81 Safari/537.36', 'https://www.amazon.cn/s?rh=n%3A1852542071&sort=price-asc-rank', 2, '', 0);
INSERT INTO PUBLIC.PARSER_CONFIG (ID, NAME, TYPE, LIST_ITEM_SELECTOR, PREVIEW_URL, USER_AGENT, REFERER, TIMEOUT, REMARK, DEL_FLAG) VALUES (10, '亚马逊今日特价', 1, 'div.acswidget:contains(Kindle今日特价书) ol li', 'https://www.amazon.cn/b/ref=s9_acss_bw_cg_NEWKXD_2a1_w?ie=UTF8&node=1875254071', 'Mozilla/5.0 (Macintosh; Intel Mac OS X 10_12_3) AppleWebKit/537.36 (KHTML, like Gecko) Chrome/56.0.2924.87 Safari/537.36', 'https://www.amazon.cn/', 2, '', 0);
INSERT INTO PUBLIC.PARSER_CONFIG (ID, NAME, TYPE, LIST_ITEM_SELECTOR, PREVIEW_URL, USER_AGENT, REFERER, TIMEOUT, REMARK, DEL_FLAG) VALUES (11, '亚马逊新品排行榜', 1, 'div.a-fixed-left-grid-col.a-col-right', 'https://www.amazon.cn/gp/new-releases/digital-text/116169071/ref=zg_bsnr_116169071_pg_1?ie=UTF8&pg=1&ajax=1', 'Mozilla/5.0 (Macintosh; Intel Mac OS X 10_12_3) AppleWebKit/537.36 (KHTML, like Gecko) Chrome/56.0.2924.87 Safari/537.36', '', NULL, '', 0);
INSERT INTO PUBLIC.PARSER_CONFIG (ID, NAME, TYPE, LIST_ITEM_SELECTOR, PREVIEW_URL, USER_AGENT, REFERER, TIMEOUT, REMARK, DEL_FLAG) VALUES (12, '亚马逊销售总榜', 1, 'div.zg_itemRow div.zg_item_compact:first-child div.a-fixed-left-grid-col.a-col-right', 'https://www.amazon.cn/gp/bestsellers/digital-text/116169071/ref=zg_bs_116169071_pg_1?ie=UTF8&pg=1&ajax=1', 'Mozilla/5.0 (Macintosh; Intel Mac OS X 10_12_3) AppleWebKit/537.36 (KHTML, like Gecko) Chrome/56.0.2924.87 Safari/537.36', 'https://www.amazon.cn/gp/bestsellers/digital-text/116169071/', 2, '', 0);
INSERT INTO PUBLIC.PARSER_CONFIG (ID, NAME, TYPE, LIST_ITEM_SELECTOR, PREVIEW_URL, USER_AGENT, REFERER, TIMEOUT, REMARK, DEL_FLAG) VALUES (13, '云起书院分类页', 1, '.bookdetail', 'http://yunqi.qq.com/bk/so2/n30', 'Mozilla/5.0 (Macintosh; Intel Mac OS X 10_12_3) AppleWebKit/537.36 (KHTML, like Gecko) Chrome/56.0.2924.87 Safari/537.36', '', 2, '', 0);
INSERT INTO PUBLIC.PARSER_CONFIG (ID, NAME, TYPE, LIST_ITEM_SELECTOR, PREVIEW_URL, USER_AGENT, REFERER, TIMEOUT, REMARK, DEL_FLAG) VALUES (14, '创世中文分类页', 1, '.leftlist table tbody tr', 'http://chuangshi.qq.com/bk/p/1.html', 'Mozilla/5.0 (Macintosh; Intel Mac OS X 10_12_3) AppleWebKit/537.36 (KHTML, like Gecko) Chrome/56.0.2924.87 Safari/537.36', '', 2, '', 0);
INSERT INTO PUBLIC.PARSER_CONFIG (ID, NAME, TYPE, LIST_ITEM_SELECTOR, PREVIEW_URL, USER_AGENT, REFERER, TIMEOUT, REMARK, DEL_FLAG) VALUES (15, 'QQ读书分类页', 1, '.bookdetail', 'http://dushu.qq.com/store/index/sortkey/2/ps/50', 'Mozilla/5.0 (Macintosh; Intel Mac OS X 10_12_3) AppleWebKit/537.36 (KHTML, like Gecko) Chrome/56.0.2924.87 Safari/537.36', '', 2, '', 0);
INSERT INTO PUBLIC.PARSER_CONFIG (ID, NAME, TYPE, LIST_ITEM_SELECTOR, PREVIEW_URL, USER_AGENT, REFERER, TIMEOUT, REMARK, DEL_FLAG) VALUES (16, '亚马逊-什么值得读', 1, 'div.acswidget.acswidget-content-grid:contains(本周推荐) div.bxc-grid__text--light.bxc-grid__text.a-text-left', 'https://www.amazon.cn/b/ref=s9_acss_bw_cg_editor_2a1_cta_w?ie=UTF8&node=1535039071', 'Mozilla/5.0 (Macintosh; Intel Mac OS X 10_12_3) AppleWebKit/537.36 (KHTML, like Gecko) Chrome/56.0.2924.87 Safari/537.36', 'https://www.amazon.cn/', 2, '', 0);
INSERT INTO PUBLIC.PARSER_CONFIG_ITEM (ID, PARSER_CONFIG_ID, SUB_CONFIG_ID, COLUMN_TITLE, SELECTOR, DOM_INDEX, ATTRIBUTE, SEPARATOR, PATTERN, PATTERN_INDEX, ITEM_TYPE, ITEM_INDEX, REMARK, DEL_FLAG) VALUES (143, 7, NULL, '出版社', '#detail_bullets_id div.content ul li:contains(出版社:)', -1, '_TEXT', NULL, '出版社:(.*)', 1, 1, 0, NULL, 0);
INSERT INTO PUBLIC.PARSER_CONFIG_ITEM (ID, PARSER_CONFIG_ID, SUB_CONFIG_ID, COLUMN_TITLE, SELECTOR, DOM_INDEX, ATTRIBUTE, SEPARATOR, PATTERN, PATTERN_INDEX, ITEM_TYPE, ITEM_INDEX, REMARK, DEL_FLAG) VALUES (144, 7, NULL, '品牌', '#detail_bullets_id div.content ul li:contains(品牌:)', -1, '_TEXT', NULL, '品牌:(.*)', 1, 1, 1, NULL, 0);
INSERT INTO PUBLIC.PARSER_CONFIG_ITEM (ID, PARSER_CONFIG_ID, SUB_CONFIG_ID, COLUMN_TITLE, SELECTOR, DOM_INDEX, ATTRIBUTE, SEPARATOR, PATTERN, PATTERN_INDEX, ITEM_TYPE, ITEM_INDEX, REMARK, DEL_FLAG) VALUES (145, 7, NULL, '条形码ISBN', '#detail_bullets_id div.content ul li:contains(条形码:)', -1, '_TEXT', NULL, '条形码:(.*)', 1, 1, 2, NULL, 0);
INSERT INTO PUBLIC.PARSER_CONFIG_ITEM (ID, PARSER_CONFIG_ID, SUB_CONFIG_ID, COLUMN_TITLE, SELECTOR, DOM_INDEX, ATTRIBUTE, SEPARATOR, PATTERN, PATTERN_INDEX, ITEM_TYPE, ITEM_INDEX, REMARK, DEL_FLAG) VALUES (146, 3, NULL, '纸书平装ASIN', '#detail_bullets_id div.content ul li:contains(ASIN:)', -1, '_TEXT', NULL, 'ASIN: (.*)', 1, 1, 0, NULL, 0);
INSERT INTO PUBLIC.PARSER_CONFIG_ITEM (ID, PARSER_CONFIG_ID, SUB_CONFIG_ID, COLUMN_TITLE, SELECTOR, DOM_INDEX, ATTRIBUTE, SEPARATOR, PATTERN, PATTERN_INDEX, ITEM_TYPE, ITEM_INDEX, REMARK, DEL_FLAG) VALUES (147, 3, NULL, '纸书平装定价', '#buyBoxInner ul li span span', -2, '_TEXT', NULL, '(([1-9]\d{0,9})|0)(\.\d{1,2})?', 0, 1, 1, NULL, 0);
INSERT INTO PUBLIC.PARSER_CONFIG_ITEM (ID, PARSER_CONFIG_ID, SUB_CONFIG_ID, COLUMN_TITLE, SELECTOR, DOM_INDEX, ATTRIBUTE, SEPARATOR, PATTERN, PATTERN_INDEX, ITEM_TYPE, ITEM_INDEX, REMARK, DEL_FLAG) VALUES (148, 6, NULL, '纸书精装ASIN', '#detail_bullets_id div.content ul li:contains(ASIN:)', -1, '_TEXT', NULL, 'ASIN: (.*)', 1, 1, 0, NULL, 0);
INSERT INTO PUBLIC.PARSER_CONFIG_ITEM (ID, PARSER_CONFIG_ID, SUB_CONFIG_ID, COLUMN_TITLE, SELECTOR, DOM_INDEX, ATTRIBUTE, SEPARATOR, PATTERN, PATTERN_INDEX, ITEM_TYPE, ITEM_INDEX, REMARK, DEL_FLAG) VALUES (149, 6, NULL, '纸书精装定价', '#buyBoxInner ul li span span', -2, '_TEXT', NULL, '(([1-9]\d{0,9})|0)(\.\d{1,2})?', 0, 1, 1, NULL, 0);
INSERT INTO PUBLIC.PARSER_CONFIG_ITEM (ID, PARSER_CONFIG_ID, SUB_CONFIG_ID, COLUMN_TITLE, SELECTOR, DOM_INDEX, ATTRIBUTE, SEPARATOR, PATTERN, PATTERN_INDEX, ITEM_TYPE, ITEM_INDEX, REMARK, DEL_FLAG) VALUES (189, 2, NULL, 'ASIN', '#detail_bullets_id div.content ul li:contains(ASIN:)', -1, '_TEXT', '', 'ASIN:(.*)', 1, 1, 0, '', 0);
INSERT INTO PUBLIC.PARSER_CONFIG_ITEM (ID, PARSER_CONFIG_ID, SUB_CONFIG_ID, COLUMN_TITLE, SELECTOR, DOM_INDEX, ATTRIBUTE, SEPARATOR, PATTERN, PATTERN_INDEX, ITEM_TYPE, ITEM_INDEX, REMARK, DEL_FLAG) VALUES (190, 2, NULL, '书名', 'span#ebooksProductTitle', -1, '_TEXT', '', '', 0, 1, 1, '', 0);
INSERT INTO PUBLIC.PARSER_CONFIG_ITEM (ID, PARSER_CONFIG_ID, SUB_CONFIG_ID, COLUMN_TITLE, SELECTOR, DOM_INDEX, ATTRIBUTE, SEPARATOR, PATTERN, PATTERN_INDEX, ITEM_TYPE, ITEM_INDEX, REMARK, DEL_FLAG) VALUES (191, 2, NULL, '价格', 'tr.kindle-price td.a-color-price', -1, '_TEXT', '', '(([1-9]\d{0,9})|0)(\.\d{1,2})?', 0, 1, 2, '', 0);
INSERT INTO PUBLIC.PARSER_CONFIG_ITEM (ID, PARSER_CONFIG_ID, SUB_CONFIG_ID, COLUMN_TITLE, SELECTOR, DOM_INDEX, ATTRIBUTE, SEPARATOR, PATTERN, PATTERN_INDEX, ITEM_TYPE, ITEM_INDEX, REMARK, DEL_FLAG) VALUES (192, 2, NULL, '作者', 'span.author a', -1, '_TEXT', '', '', 0, 1, 3, '', 0);
INSERT INTO PUBLIC.PARSER_CONFIG_ITEM (ID, PARSER_CONFIG_ID, SUB_CONFIG_ID, COLUMN_TITLE, SELECTOR, DOM_INDEX, ATTRIBUTE, SEPARATOR, PATTERN, PATTERN_INDEX, ITEM_TYPE, ITEM_INDEX, REMARK, DEL_FLAG) VALUES (193, 2, 3, '子抓取-平装', 'li.swatchElement a:contains(平装)', -1, '_HREF', NULL, NULL, 0, 1, 4, NULL, 0);
INSERT INTO PUBLIC.PARSER_CONFIG_ITEM (ID, PARSER_CONFIG_ID, SUB_CONFIG_ID, COLUMN_TITLE, SELECTOR, DOM_INDEX, ATTRIBUTE, SEPARATOR, PATTERN, PATTERN_INDEX, ITEM_TYPE, ITEM_INDEX, REMARK, DEL_FLAG) VALUES (194, 2, 6, '子抓取-精装', 'li.swatchElement a:contains(精装)', -1, '_HREF', NULL, NULL, 0, 1, 5, NULL, 0);
INSERT INTO PUBLIC.PARSER_CONFIG_ITEM (ID, PARSER_CONFIG_ID, SUB_CONFIG_ID, COLUMN_TITLE, SELECTOR, DOM_INDEX, ATTRIBUTE, SEPARATOR, PATTERN, PATTERN_INDEX, ITEM_TYPE, ITEM_INDEX, REMARK, DEL_FLAG) VALUES (195, 2, 7, '子抓取-出版社/品牌/ISBN', 'li.swatchElement.unselected a.a-button-text', -1, '_HREF', NULL, NULL, 0, 1, 6, NULL, 0);
INSERT INTO PUBLIC.PARSER_CONFIG_ITEM (ID, PARSER_CONFIG_ID, SUB_CONFIG_ID, COLUMN_TITLE, SELECTOR, DOM_INDEX, ATTRIBUTE, SEPARATOR, PATTERN, PATTERN_INDEX, ITEM_TYPE, ITEM_INDEX, REMARK, DEL_FLAG) VALUES (207, 10, 2, '子抓取-电子书单品页', 'div.acs_product-title a', -1, '_HREF', NULL, NULL, NULL, 1, 0, NULL, 0);
INSERT INTO PUBLIC.PARSER_CONFIG_ITEM (ID, PARSER_CONFIG_ID, SUB_CONFIG_ID, COLUMN_TITLE, SELECTOR, DOM_INDEX, ATTRIBUTE, SEPARATOR, PATTERN, PATTERN_INDEX, ITEM_TYPE, ITEM_INDEX, REMARK, DEL_FLAG) VALUES (210, 11, NULL, '排名', 'div.zg_rankLine span.zg_rankNumber', -1, '_TEXT', '', '(\d+)\.', 1, 1, 0, '', 0);
INSERT INTO PUBLIC.PARSER_CONFIG_ITEM (ID, PARSER_CONFIG_ID, SUB_CONFIG_ID, COLUMN_TITLE, SELECTOR, DOM_INDEX, ATTRIBUTE, SEPARATOR, PATTERN, PATTERN_INDEX, ITEM_TYPE, ITEM_INDEX, REMARK, DEL_FLAG) VALUES (211, 11, 2, '子抓取-电子书单品页', 'a.a-link-normal', -1, '_HREF', '', '', 0, 1, 1, '', 0);
INSERT INTO PUBLIC.PARSER_CONFIG_ITEM (ID, PARSER_CONFIG_ID, SUB_CONFIG_ID, COLUMN_TITLE, SELECTOR, DOM_INDEX, ATTRIBUTE, SEPARATOR, PATTERN, PATTERN_INDEX, ITEM_TYPE, ITEM_INDEX, REMARK, DEL_FLAG) VALUES (214, 12, NULL, '排名', 'div.zg_rankLine span.zg_rankNumber', -1, '_TEXT', '', '(\d+)\.', 1, 1, 0, '', 0);
INSERT INTO PUBLIC.PARSER_CONFIG_ITEM (ID, PARSER_CONFIG_ID, SUB_CONFIG_ID, COLUMN_TITLE, SELECTOR, DOM_INDEX, ATTRIBUTE, SEPARATOR, PATTERN, PATTERN_INDEX, ITEM_TYPE, ITEM_INDEX, REMARK, DEL_FLAG) VALUES (215, 12, 2, '子抓取-电子书单品页', 'a.a-link-normal', -1, '_HREF', '', '', 0, 1, 1, '', 0);
INSERT INTO PUBLIC.PARSER_CONFIG_ITEM (ID, PARSER_CONFIG_ID, SUB_CONFIG_ID, COLUMN_TITLE, SELECTOR, DOM_INDEX, ATTRIBUTE, SEPARATOR, PATTERN, PATTERN_INDEX, ITEM_TYPE, ITEM_INDEX, REMARK, DEL_FLAG) VALUES (219, 13, NULL, 'ID', 'h4 a', -1, '_HREF', NULL, 'http://yunqi.qq.com/bk/\w+/(\d+).html', 1, 1, 0, NULL, 0);
INSERT INTO PUBLIC.PARSER_CONFIG_ITEM (ID, PARSER_CONFIG_ID, SUB_CONFIG_ID, COLUMN_TITLE, SELECTOR, DOM_INDEX, ATTRIBUTE, SEPARATOR, PATTERN, PATTERN_INDEX, ITEM_TYPE, ITEM_INDEX, REMARK, DEL_FLAG) VALUES (220, 13, NULL, '书名', 'h4 a', -1, '_TEXT', NULL, NULL, 0, 1, 1, NULL, 0);
INSERT INTO PUBLIC.PARSER_CONFIG_ITEM (ID, PARSER_CONFIG_ID, SUB_CONFIG_ID, COLUMN_TITLE, SELECTOR, DOM_INDEX, ATTRIBUTE, SEPARATOR, PATTERN, PATTERN_INDEX, ITEM_TYPE, ITEM_INDEX, REMARK, DEL_FLAG) VALUES (221, 13, NULL, '作者', 'span.author a', -1, '_TEXT', NULL, NULL, 0, 1, 2, NULL, 0);
INSERT INTO PUBLIC.PARSER_CONFIG_ITEM (ID, PARSER_CONFIG_ID, SUB_CONFIG_ID, COLUMN_TITLE, SELECTOR, DOM_INDEX, ATTRIBUTE, SEPARATOR, PATTERN, PATTERN_INDEX, ITEM_TYPE, ITEM_INDEX, REMARK, DEL_FLAG) VALUES (222, 14, NULL, 'ID', 'td a.green', -1, '_HREF', '', 'http://chuangshi.qq.com/bk/\w+/(\d+).html', 1, 1, 0, '', 0);
INSERT INTO PUBLIC.PARSER_CONFIG_ITEM (ID, PARSER_CONFIG_ID, SUB_CONFIG_ID, COLUMN_TITLE, SELECTOR, DOM_INDEX, ATTRIBUTE, SEPARATOR, PATTERN, PATTERN_INDEX, ITEM_TYPE, ITEM_INDEX, REMARK, DEL_FLAG) VALUES (223, 14, NULL, '书名', 'td a.green', -1, '_TEXT', '', '', 0, 1, 1, '', 0);
INSERT INTO PUBLIC.PARSER_CONFIG_ITEM (ID, PARSER_CONFIG_ID, SUB_CONFIG_ID, COLUMN_TITLE, SELECTOR, DOM_INDEX, ATTRIBUTE, SEPARATOR, PATTERN, PATTERN_INDEX, ITEM_TYPE, ITEM_INDEX, REMARK, DEL_FLAG) VALUES (224, 14, NULL, '作者', 'td a.grey3', -1, '_TEXT', '', '', 0, 1, 2, '', 0);
INSERT INTO PUBLIC.PARSER_CONFIG_ITEM (ID, PARSER_CONFIG_ID, SUB_CONFIG_ID, COLUMN_TITLE, SELECTOR, DOM_INDEX, ATTRIBUTE, SEPARATOR, PATTERN, PATTERN_INDEX, ITEM_TYPE, ITEM_INDEX, REMARK, DEL_FLAG) VALUES (225, 15, NULL, 'ID', 'h4 a', -1, '_HREF', '', 'http://dushu.qq.com/intro.html\?bid=(\d+)', 1, 1, 0, '', 0);
INSERT INTO PUBLIC.PARSER_CONFIG_ITEM (ID, PARSER_CONFIG_ID, SUB_CONFIG_ID, COLUMN_TITLE, SELECTOR, DOM_INDEX, ATTRIBUTE, SEPARATOR, PATTERN, PATTERN_INDEX, ITEM_TYPE, ITEM_INDEX, REMARK, DEL_FLAG) VALUES (226, 15, NULL, '书名', 'h4 a', -1, '_TEXT', '', '', 0, 1, 1, '', 0);
INSERT INTO PUBLIC.PARSER_CONFIG_ITEM (ID, PARSER_CONFIG_ID, SUB_CONFIG_ID, COLUMN_TITLE, SELECTOR, DOM_INDEX, ATTRIBUTE, SEPARATOR, PATTERN, PATTERN_INDEX, ITEM_TYPE, ITEM_INDEX, REMARK, DEL_FLAG) VALUES (227, 15, NULL, '作者', 'span.author a', -1, '_TEXT', '', '', 0, 1, 2, '', 0);
INSERT INTO PUBLIC.PARSER_CONFIG_ITEM (ID, PARSER_CONFIG_ID, SUB_CONFIG_ID, COLUMN_TITLE, SELECTOR, DOM_INDEX, ATTRIBUTE, SEPARATOR, PATTERN, PATTERN_INDEX, ITEM_TYPE, ITEM_INDEX, REMARK, DEL_FLAG) VALUES (228, 0, 2, '子抓取-电子书单品页', 'a.s-access-detail-page', -1, '_HREF', NULL, NULL, 0, 1, 0, NULL, 0);
INSERT INTO PUBLIC.PARSER_CONFIG_ITEM (ID, PARSER_CONFIG_ID, SUB_CONFIG_ID, COLUMN_TITLE, SELECTOR, DOM_INDEX, ATTRIBUTE, SEPARATOR, PATTERN, PATTERN_INDEX, ITEM_TYPE, ITEM_INDEX, REMARK, DEL_FLAG) VALUES (229, 0, NULL, 'page config item', 'div#pagn span.pagnCur', -1, '_TEXT', NULL, NULL, NULL, 3, 0, NULL, 0);
INSERT INTO PUBLIC.PARSER_CONFIG_ITEM (ID, PARSER_CONFIG_ID, SUB_CONFIG_ID, COLUMN_TITLE, SELECTOR, DOM_INDEX, ATTRIBUTE, SEPARATOR, PATTERN, PATTERN_INDEX, ITEM_TYPE, ITEM_INDEX, REMARK, DEL_FLAG) VALUES (230, 0, NULL, '下一页', 'a#pagnNextLink', -1, '_HREF', NULL, NULL, NULL, 2, 0, NULL, 0);
INSERT INTO PUBLIC.PARSER_CONFIG_ITEM (ID, PARSER_CONFIG_ID, SUB_CONFIG_ID, COLUMN_TITLE, SELECTOR, DOM_INDEX, ATTRIBUTE, SEPARATOR, PATTERN, PATTERN_INDEX, ITEM_TYPE, ITEM_INDEX, REMARK, DEL_FLAG) VALUES (231, 16, 2, '子抓取-电子书单品页', 'a:contains(立即购买)', -1, '_HREF', '', '', 0, 1, 0, '', 0);
